{
  "generated_at": "2025-11-20T09:43:28.141769",
  "dataset_info": {
    "total_employees": 1470,
    "total_features": 41
  },
  "attrition": {
    "overall_rate": 16.19047619047619,
    "counts": {
      "No": 1232,
      "Yes": 238
    }
  },
  "key_metrics": {
    "Age": {
      "mean": 36.89523809523809,
      "median": 36.0,
      "std": 9.151320983504837
    },
    "MonthlyIncome": {
      "mean": 6922.257142857143,
      "median": 6814.5,
      "std": 1977.1008205782298
    },
    "YearsAtCompany": {
      "mean": 7.0081632653061225,
      "median": 5.0,
      "std": 6.110503965071852
    },
    "JobSatisfaction": {
      "mean": 2.7285714285714286,
      "median": 3.0,
      "std": 1.1028461230547204
    },
    "WorkLifeBalance": {
      "mean": 2.7612244897959184,
      "median": 3.0,
      "std": 0.7064758297141507
    },
    "StressRating": {
      "mean": 2.4993197278911565,
      "median": 2.0,
      "std": 0.883052490881913
    }
  },
  "attrition_by_factors": {
    "Department": {
      "Human Resources": 19.047619047619047,
      "Research & Development": 14.151925078043703,
      "Sales": 20.179372197309416
    },
    "Gender": {
      "Female": 15.753424657534246,
      "Male": 16.478555304740404
    },
    "MaritalStatus": {
      "Divorced": 9.72644376899696,
      "Married": 13.670133729569093,
      "Single": 24.358974358974358
    },
    "OverTime": {
      "0": 15.0,
      "1": 10.0,
      "2": 13.23529411764706,
      "3": 14.285714285714285,
      "4": 14.0625,
      "5": 25.0,
      "6": 24.561403508771928,
      "7": 15.686274509803921,
      "8": 12.280701754385964,
      "9": 13.513513513513514,
      "10": 25.53191489361702,
      "11": 11.11111111111111,
      "12": 11.627906976744185,
      "13": 13.513513513513514,
      "14": 5.128205128205128,
      "15": 11.538461538461538,
      "16": 11.11111111111111,
      "17": 24.242424242424242,
      "18": 30.76923076923077,
      "19": 13.793103448275861,
      "20": 28.57142857142857,
      "21": 3.125,
      "22": 6.666666666666667,
      "23": 20.689655172413794,
      "24": 18.181818181818183,
      "25": 11.428571428571429,
      "26": 13.043478260869565,
      "27": 20.833333333333336,
      "28": 6.896551724137931,
      "29": 20.0,
      "30": 20.0,
      "31": 29.411764705882355,
      "32": 25.925925925925924,
      "33": 12.5,
      "34": 5.0,
      "35": 26.31578947368421,
      "36": 25.0,
      "37": 28.57142857142857,
      "38": 0.0,
      "39": 41.17647058823529,
      "40": 25.0,
      "41": 25.0,
      "42": 66.66666666666666,
      "43": 0.0,
      "44": 0.0,
      "45": 0.0,
      "46": 0.0,
      "48": 0.0,
      "49": 0.0,
      "51": 0.0,
      "54": 0.0,
      "55": 33.33333333333333,
      "58": 100.0,
      "60": 0.0,
      "61": 0.0
    }
  }
}